gutenberg_id,kept_doc_id,removed_doc_id,identical_text_hash,title
10,gutendex:doc_000321,doc_000321,True,The King James Version of the Bible
100,gutendex:doc_000011,doc_000011,True,The Complete Works of William Shakespeare
10002,gutendex:doc_000240,doc_000240,True,The House on the Borderland
10102,gutendex:doc_000296,doc_000296,True,The Czar's Spy: The Mystery of a Silent Love
10148,gutendex:doc_000187,doc_000187,True,The Merry Adventures of Robin Hood
103,gutendex:doc_000141,doc_000141,True,Around the World in Eighty Days
10441,gutendex:doc_000205,doc_000205,True,The Green Mouse
1063,gutendex:doc_000288,doc_000288,True,The Cask of Amontillado
10636,gutendex:doc_000310,doc_000310,True,The Travels of Marco Polo — Volume 1
108,gutendex:doc_000224,doc_000224,True,The Return of Sherlock Holmes
1080,gutendex:doc_000101,doc_000101,True,"A Modest Proposal: For preventing the children of poor people in Ireland, from being a burden on their parents or country, and for making them beneficial to the publick"
11,gutendex:doc_000009,doc_000009,True,Alice's Adventures in Wonderland
11030,gutendex:doc_000175,doc_000175,True,"Incidents in the Life of a Slave Girl, Written by Herself"
1112,gutendex:doc_000278,doc_000278,True,Romeo and Juliet
1155,gutendex:doc_000285,doc_000285,True,The Secret Adversary
1184,gutendex:doc_000007,doc_000007,True,The Count of Monte Cristo
11982,gutendex:doc_000247,doc_000247,True,Eighty Years and More; Reminiscences 1815-1897
11987,gutendex:doc_000267,doc_000267,True,By Advice of Counsel
120,gutendex:doc_000058,doc_000058,True,Treasure Island
12082,gutendex:doc_000074,doc_000074,True,Color Images from Mars Rovers: Spirit and Opportunity
1212,gutendex:doc_000280,doc_000280,True,Love and Freindship [sic]
1232,gutendex:doc_000082,doc_000082,True,The Prince
12345,gutendex:doc_000256,doc_000256,True,"Friday, the Thirteenth: A Novel"
1251,gutendex:doc_000330,doc_000330,True,Le Morte d'Arthur: Volume 1
1257,gutendex:doc_000292,doc_000292,True,The three musketeers
1259,gutendex:doc_000019,doc_000019,True,Twenty years after
1260,gutendex:doc_000015,doc_000015,True,Jane Eyre: An Autobiography
12758,gutendex:doc_000216,doc_000216,True,Library of the World's Best Mystery and Detective Stories
13188,gutendex:doc_000196,doc_000196,True,Putnam's Word Book: A Practical Aid in Expressing Ideas Through the Use of an Exact and Varied Vocabulary
1342,gutendex:doc_000002,doc_000002,True,Pride and Prejudice
135,gutendex:doc_000159,doc_000159,True,Les Misérables
1399,gutendex:doc_000219,doc_000219,True,Anna Karenina
1400,gutendex:doc_000088,doc_000088,True,Great Expectations
14244,gutendex:doc_000174,doc_000174,True,The Romance of Tristan and Iseult
14471,gutendex:doc_000253,doc_000253,True,The Empty House and Other Ghost Stories
145,gutendex:doc_000010,doc_000010,True,Middlemarch
14818,gutendex:doc_000283,doc_000283,True,The Daughter of Anderson Crow
1497,gutendex:doc_000294,doc_000294,True,The Republic
1513,gutendex:doc_000005,doc_000005,True,Romeo and Juliet
1514,gutendex:doc_000185,doc_000185,True,A Midsummer Night's Dream
1523,gutendex:doc_000241,doc_000241,True,As You Like It
15381,gutendex:doc_000183,doc_000183,True,Victorian Short Stories: Stories of Courtship
15384,gutendex:doc_000281,doc_000281,True,The Real Adventure
15399,gutendex:doc_000103,doc_000103,True,"The Interesting Narrative of the Life of Olaudah Equiano, Or Gustavus Vassa, The African: Written By Himself"
155,gutendex:doc_000274,doc_000274,True,The Moonstone
16,gutendex:doc_000131,doc_000131,True,Peter Pan : $b [Peter and Wendy]
1600,gutendex:doc_000326,doc_000326,True,Symposium
1608,gutendex:doc_000284,doc_000284,True,Camille (La Dame aux Camilias)
161,gutendex:doc_000070,doc_000070,True,Sense and Sensibility
16328,gutendex:doc_000091,doc_000091,True,Beowulf: An Anglo-Saxon Epic Poem
16389,gutendex:doc_000023,doc_000023,True,The Enchanted April
164,gutendex:doc_000232,doc_000232,True,Twenty Thousand Leagues under the Sea
16433,gutendex:doc_000268,doc_000268,True,The Gay Cockade
1661,gutendex:doc_000017,doc_000017,True,The Adventures of Sherlock Holmes
16921,gutendex:doc_000225,doc_000225,True,Plague Ship
1695,gutendex:doc_000078,doc_000078,True,The Man Who Was Thursday: A Nightmare
17157,gutendex:doc_000233,doc_000233,True,Gulliver's Travels into Several Remote Regions of the World
1727,gutendex:doc_000047,doc_000047,True,The Odyssey: Rendered into English prose for the use of those who cannot read the original
174,gutendex:doc_000041,doc_000041,True,The Picture of Dorian Gray
17460,gutendex:doc_000197,doc_000197,True,Lorna Doone: A Romance of Exmoor
175,gutendex:doc_000217,doc_000217,True,The Phantom of the Opera
18151,gutendex:doc_000324,doc_000324,True,Time Crime
1837,gutendex:doc_000153,doc_000153,True,The Prince and the Pauper
18459,gutendex:doc_000182,doc_000182,True,Hypnerotomachia: The Strife of Loue in a Dreame
18575,gutendex:doc_000258,doc_000258,True,One Hundred Merrie And Delightsome Stories: Right Pleasaunte To Relate In All Goodly Companie By Way Of Joyance And Jollity
18857,gutendex:doc_000137,doc_000137,True,A Journey to the Centre of the Earth
18875,gutendex:doc_000231,doc_000231,True,The Prairie Wife
19476,gutendex:doc_000090,doc_000090,True,A Honeymoon in Space
1952,gutendex:doc_000139,doc_000139,True,The Yellow Wallpaper
19771,gutendex:doc_000053,doc_000053,True,Henrietta Temple: A Love Story
1998,gutendex:doc_000063,doc_000063,True,Thus Spake Zarathustra: A Book for All and None
2002,gutendex:doc_000245,doc_000245,True,Sonnets from the Portuguese
20203,gutendex:doc_000080,doc_000080,True,Autobiography of Benjamin Franklin
204,gutendex:doc_000259,doc_000259,True,The innocence of Father Brown
20439,gutendex:doc_000309,doc_000309,True,"Susan B. Anthony: Rebel, Crusader, Humanitarian"
205,gutendex:doc_000132,doc_000132,True,"Walden, and On The Duty Of Civil Disobedience"
20546,gutendex:doc_000263,doc_000263,True,The Hand in the Dark
20628,gutendex:doc_000291,doc_000291,True,Torchy and Vee
209,gutendex:doc_000122,doc_000122,True,The Turn of the Screw
2097,gutendex:doc_000167,doc_000167,True,The Sign of the Four
20990,gutendex:doc_000297,doc_000297,True,London and the Kingdom - Volume 2: A History Derived Mainly from the Archives at Guildhall in the Custody of the Corporation of the City of London.
21006,gutendex:doc_000313,doc_000313,True,The Governments of Europe
21092,gutendex:doc_000204,doc_000204,True,On the Trail of the Space Pirates
21190,gutendex:doc_000192,doc_000192,True,"Expositions of Holy Scripture: Second Corinthians, Galatians, and Philippians Chapters; I to End. Colossians, Thessalonians, and First Timothy."
21436,gutendex:doc_000308,doc_000308,True,Poems Every Child Should Know
2147,gutendex:doc_000189,doc_000189,True,The Works of Edgar Allan Poe — Volume 1
2148,gutendex:doc_000111,doc_000111,True,The Works of Edgar Allan Poe — Volume 2
215,gutendex:doc_000295,doc_000295,True,The call of the wild
2160,gutendex:doc_000025,doc_000025,True,The Expedition of Humphry Clinker
2162,gutendex:doc_000306,doc_000306,True,Anarchism and Other Essays
21638,gutendex:doc_000251,doc_000251,True,Tarrano the Conqueror
21700,gutendex:doc_000200,doc_000200,True,Don Juan
21765,gutendex:doc_000179,doc_000179,True,"The Metamorphoses of Ovid, Books I-VII"
21839,gutendex:doc_000062,doc_000062,True,Sense and Sensibility
22088,gutendex:doc_000327,doc_000327,True,Apologia pro vita sua : $b being a history of his religious opinions
22091,gutendex:doc_000083,doc_000083,True,"The best short stories of 1920, and the yearbook of the American short story"
22163,gutendex:doc_000128,doc_000128,True,"The Rover Boys on the Farm; or, Last Days at Putnam Hall"
22187,gutendex:doc_000188,doc_000188,True,"Chambers's Edinburgh Journal, No. 452: Volume 18, New Series, August 28, 1852"
22210,gutendex:doc_000199,doc_000199,True,"In the forbidden land : $b an account of a journey into Tibet, capture by the Tibetan lamas and soldiers, imprisonment, torture and ultimate release"
223,gutendex:doc_000323,doc_000323,True,The wisdom of Father Brown
224,gutendex:doc_000282,doc_000282,True,A pair of blue eyes
22541,gutendex:doc_000065,doc_000065,True,The Misplaced Battleship
22788,gutendex:doc_000191,doc_000191,True,The Federalist Papers
22789,gutendex:doc_000260,doc_000260,True,On the Duties of the Clergy
22815,gutendex:doc_000250,doc_000250,True,"The Philippine Islands: A Political, Geographical, Ethnographical, Social and Commercial History of the Philippine Archipelago, Embracing the Whole Period of Spanish Rule"
23,gutendex:doc_000102,doc_000102,True,"Narrative of the Life of Frederick Douglass, an American Slave"
23172,gutendex:doc_000249,doc_000249,True,"The Damned Thing: 1898, From ""In the Midst of Life"""
23184,gutendex:doc_000157,doc_000157,True,Monte-Cristo's Daughter
23319,gutendex:doc_000252,doc_000252,True,"Mechanical Drawing Self-Taught: Comprising instructions in the selection and preparation of drawing instruments, elementary instruction in practical mechanical drawing; together with examples in simple geometry and elementary mechanism, including screw threads, gear wheels, mechanical motions, engines and boilers"
2350,gutendex:doc_000298,doc_000298,True,His last bow : $b Some later reminiscences of Sherlock Holmes
23500,gutendex:doc_000168,doc_000168,True,The Car of Destiny
23599,gutendex:doc_000273,doc_000273,True,The Big Fix
236,gutendex:doc_000287,doc_000287,True,The Jungle Book
23609,gutendex:doc_000234,doc_000234,True,"Searchlights on Health: Light on Dark Corners: A Complete Sexual Science and a Guide to Purity and Physical Manhood, Advice To Maiden, Wife, And Mother, Love, Courtship, And Marriage"
23639,gutendex:doc_000165,doc_000165,True,Plutarch's Morals
23745,gutendex:doc_000319,doc_000319,True,Aladdin & Co.: A Romance of Yankee Magic
23784,gutendex:doc_000046,doc_000046,True,The History of Sir Richard Calmady: A Romance
24149,gutendex:doc_000271,doc_000271,True,The Ambulance Made Two Trips
244,gutendex:doc_000067,doc_000067,True,A Study in Scarlet
245,gutendex:doc_000032,doc_000032,True,Life on the Mississippi
2465,gutendex:doc_000052,doc_000052,True,Carmen
24739,gutendex:doc_000042,doc_000042,True,"Bidwell's Travels, from Wall Street to London Prison: Fifteen Years in Solitude"
24793,gutendex:doc_000125,doc_000125,True,Blow The Man Down: A Romance Of The Coast
24855,gutendex:doc_000087,doc_000087,True,Concrete Construction: Methods and Costs
24869,gutendex:doc_000244,doc_000244,True,"The Rámáyan of Válmíki, translated into English verse"
24950,gutendex:doc_000265,doc_000265,True,Bradford's History of 'Plimoth Plantation': From the Original Manuscript. With a Report of the Proceedings Incident to the Return of the Manuscript to Massachusetts
25087,gutendex:doc_000325,doc_000325,True,Twenty Years of Hus'ling
25132,gutendex:doc_000266,doc_000266,True,The Candidate: A Political Romance
2527,gutendex:doc_000154,doc_000154,True,The Sorrows of Young Werther
25326,gutendex:doc_000286,doc_000286,True,"Lives of the Most Eminent Painters Sculptors and Architects, Vol. 01 (of 10): Cimabue to Agnolo Gaddi"
25344,gutendex:doc_000254,doc_000254,True,The Scarlet Letter
25359,gutendex:doc_000201,doc_000201,True,"Boys and Girls Bookshelf; a Practical Plan of Character Building, Volume I (of 17): Fun and Thought for Little Folk"
2542,gutendex:doc_000055,doc_000055,True,A Doll's House : a play
2554,gutendex:doc_000006,doc_000006,True,Crime and Punishment
25545,gutendex:doc_000311,doc_000311,True,Children's Literature: A Textbook of Sources for Teachers and Teacher-Training Classes
25789,gutendex:doc_000106,doc_000106,True,Emily Brontë
25851,gutendex:doc_000044,doc_000044,True,"The Life of Charles Dickens, Vol. I-III, Complete"
2591,gutendex:doc_000059,doc_000059,True,Grimms' Fairy Tales
2600,gutendex:doc_000085,doc_000085,True,War and Peace
26000,gutendex:doc_000272,doc_000272,True,"The Sailor's Word-Book: An Alphabetical Digest of Nautical Terms, including Some More Especially Military and Scientific, but Useful to Seamen; as well as Archaisms of Early Voyagers, etc."
2620,gutendex:doc_000238,doc_000238,True,The Home Book of Verse — Volume 2
26225,gutendex:doc_000056,doc_000056,True,Fifteen Thousand Useful Phrases
26315,gutendex:doc_000193,doc_000193,True,Shakespeare's family
2641,gutendex:doc_000008,doc_000008,True,A Room with a View
26471,gutendex:doc_000036,doc_000036,True,Spoon River Anthology
26492,gutendex:doc_000133,doc_000133,True,"Studies of American Fungi. Mushrooms, Edible, Poisonous, etc."
26563,gutendex:doc_000127,doc_000127,True,The Crack of Doom
26593,gutendex:doc_000316,doc_000316,True,The Place of Honeymoons
26706,gutendex:doc_000305,doc_000305,True,"Manual of Military Training: Second, Revised Edition"
26716,gutendex:doc_000255,doc_000255,True,"The Crown of Wild Olive: also Munera Pulveris; Pre-Raphaelitism; Aratra Pentelici; The Ethics of the Dust; Fiction, Fair and Foul; The Elements of Drawing"
2680,gutendex:doc_000035,doc_000035,True,Meditations
26849,gutendex:doc_000086,doc_000086,True,The Works of Mr. George Gillespie (Vol. 1 of 2)
2701,gutendex:doc_000001,doc_000001,True,"Moby Dick; Or, The Whale"
27274,gutendex:doc_000276,doc_000276,True,Manures and the principles of manuring
27279,gutendex:doc_000177,doc_000177,True,"Southern Literature From 1579-1895: A comprehensive review, with copious extracts and criticisms; for the use of schools and the general reader"
27475,gutendex:doc_000073,doc_000073,True,That Girl Montana
27509,gutendex:doc_000038,doc_000038,True,The 2006 CIA World Factbook
27558,gutendex:doc_000033,doc_000033,True,The 2003 CIA World Factbook
2760,gutendex:doc_000303,doc_000303,True,Celebrated Crimes (Complete)
27673,gutendex:doc_000150,doc_000150,True,Oedipus King of Thebes: Translated into English Rhyming Verse with Explanatory Notes
27713,gutendex:doc_000314,doc_000314,True,"The Elements of Bacteriological Technique: A Laboratory Guide for Medical, Dental, and Technical Students. Second Edition Rewritten and Enlarged."
27827,gutendex:doc_000068,doc_000068,True,"The Kama Sutra of Vatsyayana: Translated From the Sanscrit in Seven Parts With Preface, Introduction and Concluding Remarks"
27997,gutendex:doc_000077,doc_000077,True,Robert Orange: Being a Continuation of the History of Robert Orange
28054,gutendex:doc_000022,doc_000022,True,The Brothers Karamazov
28203,gutendex:doc_000162,doc_000162,True,Moods
2825,gutendex:doc_000270,doc_000270,True,Undine
28428,gutendex:doc_000146,doc_000146,True,Manual of Surgery Volume Second: Extremities—Head—Neck. Sixth Edition.
2852,gutendex:doc_000076,doc_000076,True,The Hound of the Baskervilles
2868,gutendex:doc_000057,doc_000057,True,The Green Mummy
28780,gutendex:doc_000226,doc_000226,True,Peter the Brazen: A Mystery Story of Modern China
28942,gutendex:doc_000095,doc_000095,True,"The Junior Classics, Volume 1: Fairy and wonder tales"
29391,gutendex:doc_000304,doc_000304,True,Blue-grass and Broadway
3011,gutendex:doc_000071,doc_000071,True,The Lady of the Lake
30340,gutendex:doc_000211,doc_000211,True,The Passionate Friends
30434,gutendex:doc_000228,doc_000228,True,Occasion ... for Disaster
30849,gutendex:doc_000214,doc_000214,True,"The Works of Robert Louis Stevenson - Swanston Edition, Vol. 20"
31100,gutendex:doc_000060,doc_000060,True,The Complete Project Gutenberg Works of Jane Austen: A Linked Index of all PG Editions of Jane Austen
31257,gutendex:doc_000164,doc_000164,True,"Dainty's Cruel Rivals; Or, The Fatal Birthday"
31469,gutendex:doc_000212,doc_000212,True,The Shunned House
31472,gutendex:doc_000148,doc_000148,True,Cynthia's Chauffeur
31635,gutendex:doc_000161,doc_000161,True,The Silent Barrier
3177,gutendex:doc_000210,doc_000210,True,Roughing It
3206,gutendex:doc_000262,doc_000262,True,Moby Multiple Language Lists of Common Words
3207,gutendex:doc_000115,doc_000115,True,Leviathan
32155,gutendex:doc_000124,doc_000124,True,The Love Letters of Henry VIII to Anne Boleyn; With Notes
32474,gutendex:doc_000135,doc_000135,True,"The Memoirs of the Conquistador Bernal Diaz del Castillo, Vol 1 (of 2): Written by Himself Containing a True and Full Account of the Discovery and Conquest of Mexico and New Spain."
3268,gutendex:doc_000048,doc_000048,True,The Mysteries of Udolpho
3289,gutendex:doc_000293,doc_000293,True,The Valley of Fear
3296,gutendex:doc_000037,doc_000037,True,The Confessions of St. Augustine
33118,gutendex:doc_000302,doc_000302,True,Just Around the Corner: Romance en casserole
33823,gutendex:doc_000163,doc_000163,True,The Gay Adventure: A Romance
34318,gutendex:doc_000215,doc_000215,True,Life Blood
34323,gutendex:doc_000194,doc_000194,True,The Samurai Strategy
34413,gutendex:doc_000034,doc_000034,True,The Love Letters of Mary Wollstonecraft to Gilbert Imlay
345,gutendex:doc_000018,doc_000018,True,Dracula
35548,gutendex:doc_000173,doc_000173,True,Doctor Cupid: A Novel
36034,gutendex:doc_000138,doc_000138,True,"White nights, and other stories"
36223,gutendex:doc_000158,doc_000158,True,The Boy with Wings
36462,gutendex:doc_000098,doc_000098,True,King Arthur and the Knights of the Round Table
36725,gutendex:doc_000172,doc_000172,True,On the Cross: A Romance of the Passion Play at Oberammergau
36965,gutendex:doc_000236,doc_000236,True,Harriet Martineau
37106,gutendex:doc_000013,doc_000013,True,"Little Women; Or, Meg, Jo, Beth, and Amy"
37499,gutendex:doc_000142,doc_000142,True,"Napoleon's Letters to Josephine, 1796-1812: For the First Time Collected and Translated, with Notes Social, Historical, and Chronological, from Contemporary Sources"
37683,gutendex:doc_000028,doc_000028,True,Chambers's Twentieth Century Dictionary (part 1 of 4: A-D)
37734,gutendex:doc_000170,doc_000170,True,Some Jewish Witnesses For Christ
38177,gutendex:doc_000152,doc_000152,True,The Passionate Elopement
38311,gutendex:doc_000145,doc_000145,True,What Will People Say? A Novel
389,gutendex:doc_000317,doc_000317,True,The Great God Pan
38983,gutendex:doc_000221,doc_000221,True,"The Camp Fire Girls Solve a Mystery; Or, The Christmas Adventure at Carver House"
3922,gutendex:doc_000220,doc_000220,True,The Red Lily — Complete
393,gutendex:doc_000235,doc_000235,True,The Blue Lagoon: A Romance
394,gutendex:doc_000026,doc_000026,True,Cranford
40058,gutendex:doc_000166,doc_000166,True,"The Life of Florence Nightingale, vol. 2 of 2"
40284,gutendex:doc_000072,doc_000072,True,The Sex Life of the Gods
40361,gutendex:doc_000190,doc_000190,True,The Air Pirate
4085,gutendex:doc_000031,doc_000031,True,The Adventures of Roderick Random
41,gutendex:doc_000300,doc_000300,True,The Legend of Sleepy Hollow
42,gutendex:doc_000155,doc_000155,True,The strange case of Dr. Jekyll and Mr. Hyde
4200,gutendex:doc_000195,doc_000195,True,The Diary of Samuel Pepys — Complete
421,gutendex:doc_000279,doc_000279,True,Kidnapped
42389,gutendex:doc_000121,doc_000121,True,The Pirate: Andrew Lang Edition
42486,gutendex:doc_000209,doc_000209,True,"The Two Magics: The Turn of the Screw, Covering End"
42671,gutendex:doc_000050,doc_000050,True,Pride and Prejudice
42681,gutendex:doc_000130,doc_000130,True,"The Hero of the People: A Historical Romance of Love, Liberty and Loyalty"
43,gutendex:doc_000012,doc_000012,True,The strange case of Dr. Jekyll and Mr. Hyde
4300,gutendex:doc_000110,doc_000110,True,Ulysses
43063,gutendex:doc_000180,doc_000180,True,A Case in Camera
43098,gutendex:doc_000143,doc_000143,True,Selected Works of Voltairine de Cleyre
43453,gutendex:doc_000097,doc_000097,True,A Pickle for the Knowing Ones
4363,gutendex:doc_000114,doc_000114,True,Beyond Good and Evil
4367,gutendex:doc_000198,doc_000198,True,"Personal Memoirs of U. S. Grant, Complete"
44833,gutendex:doc_000229,doc_000229,True,"Chaucer's Works, Volume 2 — Boethius and Troilus"
4499,gutendex:doc_000213,doc_000213,True,Complete Short Works of George Meredith
45,gutendex:doc_000156,doc_000156,True,Anne of Green Gables
45109,gutendex:doc_000218,doc_000218,True,The Enchiridion
45304,gutendex:doc_000004,doc_000004,True,"The City of God, Volume I"
45451,gutendex:doc_000307,doc_000307,True,The Man Who Did the Right Thing: A Romance
45839,gutendex:doc_000049,doc_000049,True,Dracula
46,gutendex:doc_000275,doc_000275,True,A Christmas Carol in Prose; Being a Ghost Story of Christmas
46276,gutendex:doc_000105,doc_000105,True,The Treasure of Pearls: A Romance of Adventures in California
468,gutendex:doc_000144,doc_000144,True,Manon Lescaut
46976,gutendex:doc_000069,doc_000069,True,"The Anabasis of Alexander : $b or, The history of the wars and conquests of Alexander the Great"
4712,gutendex:doc_000237,doc_000237,True,The Landloper: The Romance of a Man on Foot
47221,gutendex:doc_000223,doc_000223,True,Quintus Claudius: A Romance of Imperial Rome. Volume 1
47530,gutendex:doc_000054,doc_000054,True,"Oliver Twist, Vol. 2 (of 3)"
47642,gutendex:doc_000171,doc_000171,True,"The Strand Magazine, Vol. 27, February 1904, No. 159."
48296,gutendex:doc_000094,doc_000094,True,Linnet: A Romance
48320,gutendex:doc_000107,doc_000107,True,Adventures of Sherlock Holmes: Illustrated
48438,gutendex:doc_000099,doc_000099,True,Rizal's own story of his life
48893,gutendex:doc_000206,doc_000206,True,"Mademoiselle de Maupin, Volume 1 (of 2)"
49987,gutendex:doc_000096,doc_000096,True,Forest Days: A Romance of Old Times
50133,gutendex:doc_000136,doc_000136,True,The Dunwich horror
50290,gutendex:doc_000149,doc_000149,True,Space Station 1
50603,gutendex:doc_000147,doc_000147,True,Minute Mysteries [Detectograms]
51143,gutendex:doc_000100,doc_000100,True,The Waterloo Roll Call: With Biographical Notes and Anecdotes
51252,gutendex:doc_000039,doc_000039,True,The Book of the Thousand Nights and a Night — Volume 01 (of 10)
51356,gutendex:doc_000312,doc_000312,True,"The Birth of Tragedy; or, Hellenism and Pessimism"
51428,gutendex:doc_000079,doc_000079,True,That Which Hath Wings: A Novel of the Day
51649,gutendex:doc_000151,doc_000151,True,"The Mysteries of London, v. 4/4"
5197,gutendex:doc_000014,doc_000014,True,My Life — Volume 1
5200,gutendex:doc_000129,doc_000129,True,Metamorphosis
521,gutendex:doc_000315,doc_000315,True,The Life and Adventures of Robinson Crusoe
52190,gutendex:doc_000064,doc_000064,True,"Ecce Homo: Complete Works, Volume Seventeen"
52404,gutendex:doc_000202,doc_000202,True,The Girl Philippa
53154,gutendex:doc_000092,doc_000092,True,Cameron of Lochiel
53416,gutendex:doc_000089,doc_000089,True,Only a girl's love
53419,gutendex:doc_000117,doc_000117,True,Twenty-Five Ghost Stories
53874,gutendex:doc_000066,doc_000066,True,Under the Red Dragon: A Novel
54219,gutendex:doc_000140,doc_000140,True,A Little English Gallery
55,gutendex:doc_000075,doc_000075,True,The Wonderful Wizard of Oz
55059,gutendex:doc_000109,doc_000109,True,"Modern English biography, volume 1 (of 4), A-H"
55179,gutendex:doc_000093,doc_000093,True,One of the Six Hundred: A Novel
564,gutendex:doc_000160,doc_000160,True,The Mystery of Edwin Drood
58169,gutendex:doc_000000,doc_000000,True,Hegel's Lectures on the History of Philosophy: Volume 3 (of 3)
583,gutendex:doc_000222,doc_000222,True,The Woman in White
58866,gutendex:doc_000329,doc_000329,True,The Murder on the Links
589,gutendex:doc_000242,doc_000242,True,Catriona
5921,gutendex:doc_000257,doc_000257,True,"The History of Don Quixote, Volume 1, Complete"
59828,gutendex:doc_000119,doc_000119,True,"The String of Pearls; Or, The Barber of Fleet Street. A Domestic Romance."
601,gutendex:doc_000108,doc_000108,True,The Monk: A Romance
6081,gutendex:doc_000203,doc_000203,True,Biographia Literaria
61262,gutendex:doc_000290,doc_000290,True,Poirot Investigates
6130,gutendex:doc_000181,doc_000181,True,The Iliad
6133,gutendex:doc_000061,doc_000061,True,"The Extraordinary Adventures of Arsène Lupin, Gentleman-Burglar"
6400,gutendex:doc_000120,doc_000120,True,"The Lives of the Twelve Caesars, Complete"
64317,gutendex:doc_000021,doc_000021,True,The Great Gatsby
65238,gutendex:doc_000051,doc_000051,True,The Secret of Chimneys
6593,gutendex:doc_000030,doc_000030,True,"History of Tom Jones, a Foundling"
6635,gutendex:doc_000239,doc_000239,True,A Romance of Billy-Goat Hill
6761,gutendex:doc_000027,doc_000027,True,The Adventures of Ferdinand Count Fathom — Complete
67979,gutendex:doc_000020,doc_000020,True,The Blue Castle: a novel
68283,gutendex:doc_000261,doc_000261,True,The call of Cthulhu
69087,gutendex:doc_000184,doc_000184,True,The murder of Roger Ackroyd
70652,gutendex:doc_000328,doc_000328,True,At the mountains of madness
70854,gutendex:doc_000227,doc_000227,True,The Countess of Pembroke's Arcadia
71046,gutendex:doc_000118,doc_000118,True,"Modern English biography, volume 2 (of 4), I-Q"
72,gutendex:doc_000113,doc_000113,True,"Thuvia, maid of Mars"
72679,gutendex:doc_000248,doc_000248,True,"The lesser Key of Solomon, Goetia, the book of evil spirits : $b contains two hundred diagrams and seals for invocation and convocation of spirits, necromancy, witchcraft and black art"
7326,gutendex:doc_000084,doc_000084,True,The Yeoman Adventurer
74,gutendex:doc_000043,doc_000043,True,"The Adventures of Tom Sawyer, Complete"
7452,gutendex:doc_000169,doc_000169,True,Autobiography of a Yogi
75201,gutendex:doc_000081,doc_000081,True,A farewell to arms
7524,gutendex:doc_000176,doc_000176,True,The Germany and the Agricola of Tacitus
75288,gutendex:doc_000318,doc_000318,True,The Seven Dials mystery
75883,gutendex:doc_000246,doc_000246,True,"The Roll of Honour, Volume 1 : $b A biographical record of all members of His Majesty's naval  and military forces who have fallen in the war"
76,gutendex:doc_000024,doc_000024,True,Adventures of Huckleberry Finn
76178,gutendex:doc_000116,doc_000116,True,I am a woman
766,gutendex:doc_000277,doc_000277,True,David Copperfield
76639,gutendex:doc_000134,doc_000134,True,"Eloisa : $b or, A series of original letters"
76668,gutendex:doc_000322,doc_000322,True,Trial by water
768,gutendex:doc_000029,doc_000029,True,Wuthering Heights
76864,gutendex:doc_000320,doc_000320,True,German composition : $b A theoretical and practical guide to the art of translating English prose into German
7735,gutendex:doc_000264,doc_000264,True,Paul Clifford — Complete
78102,gutendex:doc_000299,doc_000299,True,The wheel of earth
7889,gutendex:doc_000178,doc_000178,True,Erotica Romana
8197,gutendex:doc_000208,doc_000208,True,India's Love Lyrics
829,gutendex:doc_000123,doc_000123,True,Gulliver's Travels into Several Remote Nations of the World
831,gutendex:doc_000112,doc_000112,True,Four Arthurian Romances
834,gutendex:doc_000230,doc_000230,True,The Memoirs of Sherlock Holmes
84,gutendex:doc_000003,doc_000003,True,"Frankenstein; or, the modern prometheus"
844,gutendex:doc_000045,doc_000045,True,The Importance of Being Earnest: A Trivial Comedy for Serious People
8486,gutendex:doc_000269,doc_000269,True,Ghost Stories of an Antiquary
8492,gutendex:doc_000016,doc_000016,True,The King in Yellow
851,gutendex:doc_000289,doc_000289,True,Narrative of the Captivity and Restoration of Mrs. Mary Rowlandson
86,gutendex:doc_000104,doc_000104,True,A Connecticut Yankee in King Arthur's Court
863,gutendex:doc_000207,doc_000207,True,The Mysterious Affair at Styles
8800,gutendex:doc_000126,doc_000126,True,The divine comedy
8954,gutendex:doc_000243,doc_000243,True,Lady Audley's Secret
921,gutendex:doc_000186,doc_000186,True,De Profundis
974,gutendex:doc_000301,doc_000301,True,The Secret Agent: A Simple Tale
98,gutendex:doc_000040,doc_000040,True,A Tale of Two Cities
